GEO.id,GEO.id2,GEO.display-label,HD01_VD01,HD02_VD01,HD01_VD02,HD02_VD02,HD01_VD03,HD02_VD03,HD01_VD04,HD02_VD04,HD01_VD05,HD02_VD05,HD01_VD06,HD02_VD06,HD01_VD07,HD02_VD07,HD01_VD08,HD02_VD08,HD01_VD09,HD02_VD09,HD01_VD10,HD02_VD10,HD01_VD11,HD02_VD11,HD01_VD12,HD02_VD12,HD01_VD13,HD02_VD13,HD01_VD14,HD02_VD14,HD01_VD15,HD02_VD15,HD01_VD16,HD02_VD16,HD01_VD17,HD02_VD17,HD01_VD18,HD02_VD18,HD01_VD19,HD02_VD19,HD01_VD20,HD02_VD20,HD01_VD21,HD02_VD21,HD01_VD22,HD02_VD22,HD01_VD23,HD02_VD23
Id,Id2,Geography,Estimate; Total:,Margin of Error; Total:,Estimate; Owner-occupied housing units:,Margin of Error; Owner-occupied housing units:,"Estimate; Owner-occupied housing units: - 1, detached","Margin of Error; Owner-occupied housing units: - 1, detached","Estimate; Owner-occupied housing units: - 1, attached","Margin of Error; Owner-occupied housing units: - 1, attached",Estimate; Owner-occupied housing units: - 2,Margin of Error; Owner-occupied housing units: - 2,Estimate; Owner-occupied housing units: - 3 or 4,Margin of Error; Owner-occupied housing units: - 3 or 4,Estimate; Owner-occupied housing units: - 5 to 9,Margin of Error; Owner-occupied housing units: - 5 to 9,Estimate; Owner-occupied housing units: - 10 to 19,Margin of Error; Owner-occupied housing units: - 10 to 19,Estimate; Owner-occupied housing units: - 20 to 49,Margin of Error; Owner-occupied housing units: - 20 to 49,Estimate; Owner-occupied housing units: - 50 or more,Margin of Error; Owner-occupied housing units: - 50 or more,Estimate; Owner-occupied housing units: - Mobile home,Margin of Error; Owner-occupied housing units: - Mobile home,"Estimate; Owner-occupied housing units: - Boat, RV, van, etc.","Margin of Error; Owner-occupied housing units: - Boat, RV, van, etc.",Estimate; Renter-occupied housing units:,Margin of Error; Renter-occupied housing units:,"Estimate; Renter-occupied housing units: - 1, detached","Margin of Error; Renter-occupied housing units: - 1, detached","Estimate; Renter-occupied housing units: - 1, attached","Margin of Error; Renter-occupied housing units: - 1, attached",Estimate; Renter-occupied housing units: - 2,Margin of Error; Renter-occupied housing units: - 2,Estimate; Renter-occupied housing units: - 3 or 4,Margin of Error; Renter-occupied housing units: - 3 or 4,Estimate; Renter-occupied housing units: - 5 to 9,Margin of Error; Renter-occupied housing units: - 5 to 9,Estimate; Renter-occupied housing units: - 10 to 19,Margin of Error; Renter-occupied housing units: - 10 to 19,Estimate; Renter-occupied housing units: - 20 to 49,Margin of Error; Renter-occupied housing units: - 20 to 49,Estimate; Renter-occupied housing units: - 50 or more,Margin of Error; Renter-occupied housing units: - 50 or more,Estimate; Renter-occupied housing units: - Mobile home,Margin of Error; Renter-occupied housing units: - Mobile home,"Estimate; Renter-occupied housing units: - Boat, RV, van, etc.","Margin of Error; Renter-occupied housing units: - Boat, RV, van, etc."
1400000US37183050100,37183050100,"Census Tract 501, Wake County, North Carolina",1063,117,304,108,56,38,1,9,12,20,0,98,0,98,64,53,14,16,157,70,0,98,0,98,759,135,69,63,0,98,6,9,157,81,10,16,54,61,97,69,317,109,49,50,0,98
1400000US37183050300,37183050300,"Census Tract 503, Wake County, North Carolina",1707,113,694,120,193,64,73,43,0,98,20,24,76,44,133,66,95,41,104,55,0,98,0,98,1013,146,65,43,11,20,102,56,128,78,97,41,77,56,21,33,512,131,0,98,0,98
1400000US37183050400,37183050400,"Census Tract 504, Wake County, North Carolina",727,69,324,43,301,40,10,16,0,98,0,98,0,98,0,98,0,98,13,13,0,98,0,98,403,82,128,69,43,34,43,47,8,10,70,43,7,11,36,34,68,33,0,98,0,98
1400000US37183050500,37183050500,"Census Tract 505, Wake County, North Carolina",1660,103,917,119,869,115,23,27,0,98,0,98,0,98,16,17,9,14,0,98,0,98,0,98,743,130,447,136,22,26,54,54,41,50,110,70,61,53,8,14,0,98,0,98,0,98
1400000US37183050600,37183050600,"Census Tract 506, Wake County, North Carolina",1134,139,352,88,343,87,9,15,0,98,0,98,0,98,0,98,0,98,0,98,0,98,0,98,782,157,201,80,44,45,180,99,249,77,40,39,38,44,30,48,0,98,0,98,0,98
1400000US37183050700,37183050700,"Census Tract 507, Wake County, North Carolina",1399,116,489,100,475,98,5,9,0,98,0,98,0,98,0,98,9,14,0,98,0,98,0,98,910,128,405,100,11,17,128,75,52,45,69,43,91,66,22,17,132,67,0,98,0,98
1400000US37183050800,37183050800,"Census Tract 508, Wake County, North Carolina",728,113,108,60,108,60,0,98,0,98,0,98,0,98,0,98,0,98,0,98,0,98,0,98,620,106,129,75,16,30,113,63,215,79,92,62,0,98,17,26,13,14,25,38,0,98
1400000US37183050900,37183050900,"Census Tract 509, Wake County, North Carolina",793,96,132,38,128,37,0,98,0,98,4,8,0,98,0,98,0,98,0,98,0,98,0,98,661,94,197,79,34,25,40,32,126,63,229,63,25,36,0,98,0,98,10,18,0,98
1400000US37183051000,37183051000,"Census Tract 510, Wake County, North Carolina",1187,124,281,75,212,61,24,21,7,13,31,23,0,98,7,11,0,98,0,98,0,98,0,98,906,120,85,51,25,24,122,73,229,110,158,73,98,79,37,21,152,67,0,98,0,98
1400000US37183051101,37183051101,"Census Tract 511.01, Wake County, North Carolina",694,100,25,27,25,27,0,98,0,98,0,98,0,98,0,98,0,98,0,98,0,98,0,98,669,99,95,47,0,98,47,46,70,52,55,33,133,89,55,38,214,43,0,98,0,98
1400000US37183051102,37183051102,"Census Tract 511.02, Wake County, North Carolina",19,21,0,98,0,98,0,98,0,98,0,98,0,98,0,98,0,98,0,98,0,98,0,98,19,21,0,98,0,98,0,98,0,98,0,98,10,15,0,98,9,15,0,98,0,98
1400000US37183051200,37183051200,"Census Tract 512, Wake County, North Carolina",1967,112,713,127,552,123,79,42,10,15,45,37,27,21,0,98,0,98,0,98,0,98,0,98,1254,139,176,112,89,57,98,70,270,112,212,116,168,115,54,46,187,59,0,98,0,98
1400000US37183051400,37183051400,"Census Tract 514, Wake County, North Carolina",2228,116,1191,156,1106,160,68,50,0,98,17,26,0,98,0,98,0,98,0,98,0,98,0,98,1037,154,213,114,58,46,241,143,201,97,140,83,136,90,48,41,0,98,0,98,0,98
1400000US37183051501,37183051501,"Census Tract 515.01, Wake County, North Carolina",1318,82,1106,69,1064,74,21,25,0,98,0,98,0,98,9,13,12,18,0,98,0,98,0,98,212,72,72,52,9,15,0,98,0,98,0,98,10,16,8,12,113,55,0,98,0,98
1400000US37183051502,37183051502,"Census Tract 515.02, Wake County, North Carolina",1072,86,579,69,554,69,25,15,0,98,0,98,0,98,0,98,0,98,0,98,0,98,0,98,493,105,172,69,87,71,38,28,18,19,74,41,104,70,0,98,0,98,0,98,0,98
1400000US37183051600,37183051600,"Census Tract 516, Wake County, North Carolina",1879,100,1352,103,1298,113,20,15,7,12,10,17,17,20,0,98,0,98,0,98,0,98,0,98,527,103,129,57,107,62,116,54,119,56,48,49,0,98,8,12,0,98,0,98,0,98
1400000US37183051700,37183051700,"Census Tract 517, Wake County, North Carolina",1188,97,1097,102,1089,103,8,12,0,98,0,98,0,98,0,98,0,98,0,98,0,98,0,98,91,44,59,45,0,98,0,98,8,12,0,98,0,98,16,15,0,98,8,12,0,98
1400000US37183051800,37183051800,"Census Tract 518, Wake County, North Carolina",2197,151,1225,160,1109,143,90,75,0,98,13,22,0,98,0,98,13,21,0,98,0,98,0,98,972,172,218,100,145,98,47,40,179,117,311,130,13,21,59,30,0,98,0,98,0,98
1400000US37183051900,37183051900,"Census Tract 519, Wake County, North Carolina",2105,94,1062,128,915,127,0,98,0,98,29,43,0,98,118,89,0,98,0,98,0,98,0,98,1043,132,552,136,10,17,39,44,95,85,155,101,137,97,55,45,0,98,0,98,0,98
1400000US37183052001,37183052001,"Census Tract 520.01, Wake County, North Carolina",1388,113,112,41,112,41,0,98,0,98,0,98,0,98,0,98,0,98,0,98,0,98,0,98,1276,118,17,14,10,15,207,86,200,89,292,110,449,127,72,60,19,21,10,15,0,98
1400000US37183052002,37183052002,"Census Tract 520.02, Wake County, North Carolina",1690,146,1110,145,1084,144,11,18,0,98,0,98,0,98,0,98,0,98,0,98,15,22,0,98,580,138,432,101,11,18,0,98,78,57,9,15,39,61,0,98,11,17,0,98,0,98
1400000US37183052101,37183052101,"Census Tract 521.01, Wake County, North Carolina",2598,174,1748,166,1642,169,48,48,0,98,0,98,0,98,0,98,0,98,0,98,58,59,0,98,850,199,418,147,35,41,59,55,84,80,94,89,0,98,0,98,0,98,160,117,0,98
1400000US37183052102,37183052102,"Census Tract 521.02, Wake County, North Carolina",1962,81,1159,149,1106,151,53,30,0,98,0,98,0,98,0,98,0,98,0,98,0,98,0,98,803,121,143,88,23,32,133,70,39,39,309,95,22,21,101,85,33,38,0,98,0,98
1400000US37183052301,37183052301,"Census Tract 523.01, Wake County, North Carolina",2454,176,464,106,113,58,298,94,0,98,0,98,40,38,13,21,0,98,0,98,0,98,0,98,1990,198,40,43,46,39,12,17,193,89,658,161,781,162,159,101,101,67,0,98,0,98
1400000US37183052302,37183052302,"Census Tract 523.02, Wake County, North Carolina",2528,184,864,148,694,136,99,54,0,98,0,98,16,25,55,39,0,98,0,98,0,98,0,98,1664,203,122,86,66,53,41,38,249,138,300,118,331,145,351,156,204,90,0,98,0,98
1400000US37183052401,37183052401,"Census Tract 524.01, Wake County, North Carolina",1209,104,204,59,159,55,45,31,0,98,0,98,0,98,0,98,0,98,0,98,0,98,0,98,1005,90,47,36,16,20,8,14,0,98,32,28,390,134,478,129,34,27,0,98,0,98
1400000US37183052404,37183052404,"Census Tract 524.04, Wake County, North Carolina",1581,117,872,100,846,101,26,24,0,98,0,98,0,98,0,98,0,98,0,98,0,98,0,98,709,134,163,83,53,37,59,47,141,69,107,77,144,93,17,28,25,27,0,98,0,98
1400000US37183052406,37183052406,"Census Tract 524.06, Wake County, North Carolina",2697,203,628,148,430,109,130,93,0,98,34,39,0,98,34,42,0,98,0,98,0,98,0,98,2069,228,150,124,117,51,93,67,181,105,499,173,608,178,372,143,22,35,27,43,0,98
1400000US37183052407,37183052407,"Census Tract 524.07, Wake County, North Carolina",1884,120,671,156,298,89,169,89,17,28,89,102,39,36,59,59,0,98,0,98,0,98,0,98,1213,165,233,145,60,64,129,90,29,35,399,166,143,96,32,34,188,95,0,98,0,98
1400000US37183052408,37183052408,"Census Tract 524.08, Wake County, North Carolina",1173,114,105,98,29,40,15,23,53,85,0,98,8,14,0,98,0,98,0,98,0,98,0,98,1068,137,141,95,120,76,61,59,172,111,280,174,146,80,57,61,14,25,77,78,0,98
1400000US37183052409,37183052409,"Census Tract 524.09, Wake County, North Carolina",1345,145,51,39,12,21,22,28,0,98,0,98,0,98,17,25,0,98,0,98,0,98,0,98,1294,142,58,62,15,24,161,112,133,69,505,174,388,143,34,55,0,98,0,98,0,98
1400000US37183052503,37183052503,"Census Tract 525.03, Wake County, North Carolina",3171,215,1378,144,1113,138,178,63,0,98,0,98,26,29,26,30,35,21,0,98,0,98,0,98,1793,239,75,59,115,86,0,98,0,98,253,129,564,146,202,107,584,147,0,98,0,98
1400000US37183052504,37183052504,"Census Tract 525.04, Wake County, North Carolina",2536,138,1524,133,720,130,635,111,0,98,34,41,84,50,51,39,0,98,0,98,0,98,0,98,1012,168,42,50,93,62,40,52,189,85,275,153,273,101,90,62,10,17,0,98,0,98
1400000US37183052505,37183052505,"Census Tract 525.05, Wake County, North Carolina",2215,181,1020,159,509,118,478,138,0,98,0,98,17,28,0,98,0,98,16,26,0,98,0,98,1195,202,64,67,100,71,0,98,25,24,266,150,530,169,174,105,36,29,0,98,0,98
1400000US37183052506,37183052506,"Census Tract 525.06, Wake County, North Carolina",923,72,616,93,552,87,64,38,0,98,0,98,0,98,0,98,0,98,0,98,0,98,0,98,307,85,48,52,6,11,0,98,0,98,35,45,45,47,20,31,153,59,0,98,0,98
1400000US37183052507,37183052507,"Census Tract 525.07, Wake County, North Carolina",1288,69,708,143,464,66,244,125,0,98,0,98,0,98,0,98,0,98,0,98,0,98,0,98,580,149,0,98,129,93,29,43,43,48,149,94,96,91,68,62,66,67,0,98,0,98
1400000US37183052601,37183052601,"Census Tract 526.01, Wake County, North Carolina",1227,96,951,93,927,89,10,16,0,98,14,21,0,98,0,98,0,98,0,98,0,98,0,98,276,94,170,74,0,98,0,98,0,98,0,98,0,98,28,44,78,50,0,98,0,98
1400000US37183052602,37183052602,"Census Tract 526.02, Wake County, North Carolina",1718,95,1234,110,1181,102,0,98,0,98,0,98,0,98,8,13,28,24,7,11,10,17,0,98,484,92,78,60,23,29,0,98,0,98,16,20,16,26,42,47,297,76,12,19,0,98
1400000US37183052603,37183052603,"Census Tract 526.03, Wake County, North Carolina",1209,109,687,90,580,74,58,32,0,98,0,98,10,15,9,14,30,28,0,98,0,98,0,98,522,100,85,67,9,15,25,37,38,22,134,54,143,88,71,46,17,21,0,98,0,98
1400000US37183052701,37183052701,"Census Tract 527.01, Wake County, North Carolina",2158,162,1007,120,866,98,131,74,0,98,0,98,10,17,0,98,0,98,0,98,0,98,0,98,1151,164,61,48,82,63,0,98,55,56,320,121,484,159,141,90,0,98,8,12,0,98
1400000US37183052704,37183052704,"Census Tract 527.04, Wake County, North Carolina",2536,166,526,135,269,85,193,96,0,98,64,45,0,98,0,98,0,98,0,98,0,98,0,98,2010,175,135,107,283,148,12,22,462,174,345,133,581,193,143,101,49,58,0,98,0,98
1400000US37183052705,37183052705,"Census Tract 527.05, Wake County, North Carolina",1565,146,1084,146,873,128,106,54,17,27,20,33,0,98,17,19,38,26,0,98,13,21,0,98,481,162,131,62,138,105,53,43,0,98,0,98,62,55,19,23,78,71,0,98,0,98
1400000US37183052706,37183052706,"Census Tract 527.06, Wake County, North Carolina",1638,155,889,141,739,123,76,54,0,98,0,98,0,98,0,98,0,98,0,98,74,74,0,98,749,169,123,60,12,20,59,58,113,87,21,34,227,115,98,79,50,42,46,64,0,98
1400000US37183052707,37183052707,"Census Tract 527.07, Wake County, North Carolina",2532,168,1649,209,1394,220,202,131,15,24,8,13,0,98,0,98,0,98,0,98,30,28,0,98,883,208,366,158,138,109,51,50,49,51,123,117,90,119,46,38,0,98,20,32,0,98
1400000US37183052801,37183052801,"Census Tract 528.01, Wake County, North Carolina",2402,147,1874,179,1730,171,113,55,0,98,16,25,0,98,0,98,0,98,0,98,15,24,0,98,528,159,145,67,131,115,46,42,52,60,140,95,14,32,0,98,0,98,0,98,0,98
1400000US37183052802,37183052802,"Census Tract 528.02, Wake County, North Carolina",2502,166,1435,177,1337,173,85,40,0,98,0,98,0,98,0,98,0,98,0,98,13,20,0,98,1067,195,287,119,99,94,15,24,67,56,454,176,87,84,46,73,0,98,12,19,0,98
1400000US37183052803,37183052803,"Census Tract 528.03, Wake County, North Carolina",3308,230,2204,202,2068,210,30,34,0,98,0,98,0,98,0,98,11,17,0,98,95,79,0,98,1104,272,480,202,0,98,85,109,34,39,0,98,43,66,130,46,9,14,323,153,0,98
1400000US37183052806,37183052806,"Census Tract 528.06, Wake County, North Carolina",4352,255,3642,299,3277,299,132,64,0,98,14,23,94,106,0,98,0,98,0,98,125,99,0,98,710,203,480,154,40,61,46,74,60,78,84,68,0,98,0,98,0,98,0,98,0,98
1400000US37183052807,37183052807,"Census Tract 528.07, Wake County, North Carolina",1467,153,1166,151,957,148,94,56,0,98,0,98,0,98,0,98,0,98,0,98,115,73,0,98,301,155,200,129,0,98,8,14,0,98,0,98,0,98,0,98,0,98,93,90,0,98
1400000US37183052808,37183052808,"Census Tract 528.08, Wake County, North Carolina",3503,226,2356,229,2040,265,58,42,0,98,53,80,0,98,0,98,0,98,0,98,205,109,0,98,1147,223,241,132,29,33,47,74,88,90,308,182,217,108,96,71,43,55,78,80,0,98
1400000US37183052809,37183052809,"Census Tract 528.09, Wake County, North Carolina",933,75,825,103,578,126,0,98,0,98,0,98,0,98,0,98,0,98,0,98,247,115,0,98,108,64,37,42,0,98,0,98,0,98,0,98,0,98,0,98,0,98,71,67,0,98
1400000US37183052901,37183052901,"Census Tract 529.01, Wake County, North Carolina",881,124,804,136,695,131,0,98,0,98,0,98,0,98,0,98,0,98,0,98,109,53,0,98,77,55,35,27,0,98,0,98,0,98,0,98,0,98,0,98,0,98,42,52,0,98
1400000US37183052902,37183052902,"Census Tract 529.02, Wake County, North Carolina",1962,100,1586,155,1401,120,0,98,0,98,0,98,0,98,0,98,0,98,0,98,185,112,0,98,376,177,140,88,0,98,145,164,0,98,0,98,0,98,0,98,0,98,91,83,0,98
1400000US37183052903,37183052903,"Census Tract 529.03, Wake County, North Carolina",1228,111,1126,128,1074,134,0,98,0,98,0,98,0,98,0,98,0,98,0,98,52,48,0,98,102,134,102,134,0,98,0,98,0,98,0,98,0,98,0,98,0,98,0,98,0,98
1400000US37183052904,37183052904,"Census Tract 529.04, Wake County, North Carolina",2702,111,2470,141,2182,160,16,24,0,98,0,98,0,98,0,98,0,98,0,98,272,95,0,98,232,119,122,90,0,98,0,98,0,98,0,98,0,98,0,98,0,98,110,87,0,98
1400000US37183053003,37183053003,"Census Tract 530.03, Wake County, North Carolina",2127,157,1086,124,1039,125,24,27,0,98,0,98,12,19,0,98,0,98,0,98,11,20,0,98,1041,166,0,98,0,98,0,98,0,98,270,130,402,135,338,131,31,29,0,98,0,98
1400000US37183053004,37183053004,"Census Tract 530.04, Wake County, North Carolina",1027,87,910,86,782,91,32,34,0,98,48,40,37,35,11,18,0,98,0,98,0,98,0,98,117,74,0,98,0,98,0,98,0,98,22,35,66,60,29,41,0,98,0,98,0,98
1400000US37183053005,37183053005,"Census Tract 530.05, Wake County, North Carolina",1738,92,1711,93,1689,87,22,28,0,98,0,98,0,98,0,98,0,98,0,98,0,98,0,98,27,30,12,18,15,24,0,98,0,98,0,98,0,98,0,98,0,98,0,98,0,98
1400000US37183053006,37183053006,"Census Tract 530.06, Wake County, North Carolina",1024,88,996,89,967,95,0,98,0,98,0,98,0,98,0,98,0,98,0,98,29,33,0,98,28,33,28,33,0,98,0,98,0,98,0,98,0,98,0,98,0,98,0,98,0,98
1400000US37183053007,37183053007,"Census Tract 530.07, Wake County, North Carolina",1117,36,1085,51,1067,54,0,98,0,98,0,98,0,98,0,98,0,98,0,98,18,28,0,98,32,37,16,26,0,98,0,98,0,98,0,98,0,98,0,98,0,98,16,26,0,98
1400000US37183053008,37183053008,"Census Tract 530.08, Wake County, North Carolina",3033,221,1635,211,1409,186,105,84,0,98,0,98,0,98,0,98,0,98,0,98,121,72,0,98,1398,241,391,148,153,126,0,98,172,113,122,123,406,166,66,53,21,24,67,105,0,98
1400000US37183053009,37183053009,"Census Tract 530.09, Wake County, North Carolina",2763,174,1926,222,1275,188,90,112,0,98,0,98,0,98,0,98,0,98,0,98,561,197,0,98,837,213,196,131,0,98,0,98,0,98,11,18,19,24,203,157,13,22,395,197,0,98
1400000US37183053105,37183053105,"Census Tract 531.05, Wake County, North Carolina",1211,132,993,139,981,137,12,19,0,98,0,98,0,98,0,98,0,98,0,98,0,98,0,98,218,100,141,94,0,98,0,98,0,98,46,35,0,98,0,98,31,33,0,98,0,98
1400000US37183053106,37183053106,"Census Tract 531.06, Wake County, North Carolina",1293,115,941,117,941,117,0,98,0,98,0,98,0,98,0,98,0,98,0,98,0,98,0,98,352,123,88,70,0,98,33,38,20,34,14,21,22,39,128,89,47,54,0,98,0,98
1400000US37183053107,37183053107,"Census Tract 531.07, Wake County, North Carolina",2951,237,2063,226,2016,222,11,17,0,98,0,98,12,18,0,98,0,98,0,98,24,27,0,98,888,216,306,146,75,65,156,118,140,65,49,50,112,109,0,98,35,28,15,25,0,98
1400000US37183053108,37183053108,"Census Tract 531.08, Wake County, North Carolina",2229,178,1982,183,1693,204,11,17,0,98,0,98,0,98,0,98,0,98,0,98,278,108,0,98,247,95,175,82,11,18,10,16,0,98,0,98,0,98,0,98,0,98,51,42,0,98
1400000US37183053109,37183053109,"Census Tract 531.09, Wake County, North Carolina",2697,141,2284,173,1983,156,26,44,0,98,0,98,0,98,0,98,0,98,0,98,275,128,0,98,413,168,214,129,0,98,0,98,0,98,0,98,0,98,0,98,0,98,199,134,0,98
1400000US37183053110,37183053110,"Census Tract 531.10, Wake County, North Carolina",1795,144,1535,158,1416,168,0,98,0,98,0,98,0,98,0,98,0,98,0,98,119,90,0,98,260,108,187,94,0,98,0,98,8,13,0,98,0,98,0,98,0,98,65,58,0,98
1400000US37183053111,37183053111,"Census Tract 531.11, Wake County, North Carolina",1846,141,1396,138,1198,128,0,98,0,98,0,98,0,98,17,28,0,98,0,98,181,90,0,98,450,155,113,76,0,98,0,98,12,19,14,23,110,88,35,56,0,98,166,105,0,98
1400000US37183053201,37183053201,"Census Tract 532.01, Wake County, North Carolina",3111,167,2791,210,2564,199,84,46,0,98,0,98,0,98,0,98,0,98,0,98,143,103,0,98,320,149,138,77,51,64,0,98,0,98,0,98,0,98,0,98,0,98,131,109,0,98
1400000US37183053202,37183053202,"Census Tract 532.02, Wake County, North Carolina",1486,61,1397,83,1392,84,5,13,0,98,0,98,0,98,0,98,0,98,0,98,0,98,0,98,89,61,89,61,0,98,0,98,0,98,0,98,0,98,0,98,0,98,0,98,0,98
1400000US37183053203,37183053203,"Census Tract 532.03, Wake County, North Carolina",2193,167,1714,237,1642,232,37,34,0,98,14,25,11,17,0,98,0,98,0,98,10,18,0,98,479,171,245,113,30,37,0,98,0,98,12,20,45,69,133,124,14,28,0,98,0,98
1400000US37183053204,37183053204,"Census Tract 532.04, Wake County, North Carolina",1557,133,1258,128,1201,122,22,19,0,98,0,98,7,12,13,19,0,98,0,98,15,25,0,98,299,123,135,74,0,98,0,98,26,35,35,43,44,67,23,25,36,56,0,98,0,98
1400000US37183053205,37183053205,"Census Tract 532.05, Wake County, North Carolina",659,75,561,113,549,113,0,98,0,98,12,21,0,98,0,98,0,98,0,98,0,98,0,98,98,92,32,37,0,98,66,76,0,98,0,98,0,98,0,98,0,98,0,98,0,98
1400000US37183053206,37183053206,"Census Tract 532.06, Wake County, North Carolina",1338,132,1125,111,1038,104,59,36,0,98,0,98,0,98,0,98,0,98,0,98,28,25,0,98,213,106,132,91,0,98,14,25,0,98,0,98,35,43,12,22,0,98,20,32,0,98
1400000US37183053207,37183053207,"Census Tract 532.07, Wake County, North Carolina",1881,124,1744,129,1644,142,77,51,0,98,0,98,0,98,0,98,0,98,0,98,23,32,0,98,137,71,89,57,0,98,0,98,19,31,0,98,0,98,0,98,0,98,29,45,0,98
1400000US37183053405,37183053405,"Census Tract 534.05, Wake County, North Carolina",1707,103,1282,102,1241,103,41,22,0,98,0,98,0,98,0,98,0,98,0,98,0,98,0,98,425,88,52,47,35,24,0,98,42,28,80,43,108,66,34,25,74,35,0,98,0,98
1400000US37183053408,37183053408,"Census Tract 534.08, Wake County, North Carolina",1147,69,1097,77,991,79,106,51,0,98,0,98,0,98,0,98,0,98,0,98,0,98,0,98,50,47,50,47,0,98,0,98,0,98,0,98,0,98,0,98,0,98,0,98,0,98
1400000US37183053409,37183053409,"Census Tract 534.09, Wake County, North Carolina",1995,76,1952,83,1923,85,0,98,0,98,0,98,0,98,0,98,0,98,0,98,29,30,0,98,43,36,32,31,0,98,0,98,0,98,0,98,0,98,0,98,0,98,11,19,0,98
1400000US37183053410,37183053410,"Census Tract 534.10, Wake County, North Carolina",1258,77,1165,86,999,92,114,63,0,98,0,98,11,17,41,43,0,98,0,98,0,98,0,98,93,78,71,76,0,98,0,98,0,98,0,98,12,15,10,18,0,98,0,98,0,98
1400000US37183053411,37183053411,"Census Tract 534.11, Wake County, North Carolina",2107,174,1397,113,1354,124,25,39,0,98,0,98,0,98,0,98,0,98,0,98,18,30,0,98,710,223,37,42,0,98,0,98,20,32,70,61,263,105,267,243,53,61,0,98,0,98
1400000US37183053412,37183053412,"Census Tract 534.12, Wake County, North Carolina",1845,115,1372,145,1340,155,0,98,0,98,0,98,0,98,0,98,0,98,0,98,32,50,0,98,473,152,226,102,0,98,0,98,0,98,48,58,72,74,95,73,32,47,0,98,0,98
1400000US37183053413,37183053413,"Census Tract 534.13, Wake County, North Carolina",1628,101,1558,107,1518,115,16,23,0,98,0,98,0,98,0,98,0,98,0,98,24,43,0,98,70,46,57,41,0,98,0,98,0,98,0,98,0,98,0,98,0,98,13,20,0,98
1400000US37183053414,37183053414,"Census Tract 534.14, Wake County, North Carolina",2838,108,2438,170,2090,168,269,82,0,98,37,57,0,98,0,98,0,98,0,98,42,41,0,98,400,138,165,85,95,67,0,98,19,29,0,98,98,120,0,98,23,36,0,98,0,98
1400000US37183053415,37183053415,"Census Tract 534.15, Wake County, North Carolina",945,50,886,82,804,85,82,46,0,98,0,98,0,98,0,98,0,98,0,98,0,98,0,98,59,63,23,36,36,54,0,98,0,98,0,98,0,98,0,98,0,98,0,98,0,98
1400000US37183053416,37183053416,"Census Tract 534.16, Wake County, North Carolina",1822,153,1237,146,993,145,185,84,0,98,17,26,0,98,0,98,42,29,0,98,0,98,0,98,585,159,51,36,22,29,51,74,0,98,104,66,240,133,103,59,14,22,0,98,0,98
1400000US37183053417,37183053417,"Census Tract 534.17, Wake County, North Carolina",770,100,541,116,475,109,66,46,0,98,0,98,0,98,0,98,0,98,0,98,0,98,0,98,229,124,151,97,40,49,0,98,21,29,0,98,0,98,0,98,17,32,0,98,0,98
1400000US37183053418,37183053418,"Census Tract 534.18, Wake County, North Carolina",1925,115,1246,119,1124,121,122,70,0,98,0,98,0,98,0,98,0,98,0,98,0,98,0,98,679,119,127,64,28,17,0,98,26,30,13,21,276,100,104,76,31,48,74,57,0,98
1400000US37183053419,37183053419,"Census Tract 534.19, Wake County, North Carolina",848,46,840,49,774,65,60,42,0,98,0,98,6,9,0,98,0,98,0,98,0,98,0,98,8,13,8,13,0,98,0,98,0,98,0,98,0,98,0,98,0,98,0,98,0,98
1400000US37183053420,37183053420,"Census Tract 534.20, Wake County, North Carolina",1960,170,1245,209,1087,174,69,62,0,98,0,98,0,98,0,98,0,98,0,98,89,106,0,98,715,177,185,101,0,98,0,98,0,98,170,77,118,78,79,63,10,15,153,123,0,98
1400000US37183053421,37183053421,"Census Tract 534.21, Wake County, North Carolina",1718,146,1287,133,1065,164,142,117,0,98,0,98,0,98,0,98,0,98,0,98,80,44,0,98,431,139,21,34,0,98,0,98,67,90,72,79,184,112,36,34,12,19,39,46,0,98
1400000US37183053422,37183053422,"Census Tract 534.22, Wake County, North Carolina",859,29,824,38,816,41,8,11,0,98,0,98,0,98,0,98,0,98,0,98,0,98,0,98,35,33,26,30,0,98,9,13,0,98,0,98,0,98,0,98,0,98,0,98,0,98
1400000US37183053423,37183053423,"Census Tract 534.23, Wake County, North Carolina",916,76,669,75,669,75,0,98,0,98,0,98,0,98,0,98,0,98,0,98,0,98,0,98,247,80,33,25,0,98,0,98,27,29,44,40,131,76,0,98,12,19,0,98,0,98
1400000US37183053424,37183053424,"Census Tract 534.24, Wake County, North Carolina",1503,85,1319,97,1203,92,86,48,0,98,30,32,0,98,0,98,0,98,0,98,0,98,0,98,184,89,159,89,0,98,0,98,12,19,0,98,0,98,0,98,13,20,0,98,0,98
1400000US37183053425,37183053425,"Census Tract 534.25, Wake County, North Carolina",837,62,517,82,517,82,0,98,0,98,0,98,0,98,0,98,0,98,0,98,0,98,0,98,320,86,99,59,0,98,0,98,9,18,29,29,85,57,93,72,5,12,0,98,0,98
1400000US37183053505,37183053505,"Census Tract 535.05, Wake County, North Carolina",1321,99,1197,107,973,122,99,44,0,98,29,25,96,50,0,98,0,98,0,98,0,98,0,98,124,75,63,64,8,12,34,44,0,98,17,19,0,98,0,98,0,98,2,5,0,98
1400000US37183053506,37183053506,"Census Tract 535.06, Wake County, North Carolina",2154,150,1589,129,1384,130,134,85,0,98,54,46,0,98,17,29,0,98,0,98,0,98,0,98,565,141,134,80,14,22,14,22,14,23,142,106,125,76,45,55,77,51,0,98,0,98
1400000US37183053507,37183053507,"Census Tract 535.07, Wake County, North Carolina",1552,144,829,97,599,84,223,77,0,98,7,12,0,98,0,98,0,98,0,98,0,98,0,98,723,130,46,34,49,42,31,46,154,78,62,65,77,41,129,66,175,56,0,98,0,98
1400000US37183053509,37183053509,"Census Tract 535.09, Wake County, North Carolina",1876,50,1790,67,1759,67,25,19,0,98,0,98,0,98,0,98,0,98,0,98,6,10,0,98,86,51,86,51,0,98,0,98,0,98,0,98,0,98,0,98,0,98,0,98,0,98
1400000US37183053512,37183053512,"Census Tract 535.12, Wake County, North Carolina",2668,177,1528,131,1233,117,115,66,0,98,81,83,22,36,61,44,0,98,0,98,16,27,0,98,1140,192,47,36,20,33,9,15,56,57,186,102,300,128,225,138,297,134,0,98,0,98
1400000US37183053513,37183053513,"Census Tract 535.13, Wake County, North Carolina",1689,99,691,109,377,82,210,91,0,98,10,16,49,52,45,35,0,98,0,98,0,98,0,98,998,120,55,46,91,57,35,41,52,37,241,89,417,104,98,85,9,15,0,98,0,98
1400000US37183053516,37183053516,"Census Tract 535.16, Wake County, North Carolina",1327,139,603,74,547,64,34,34,22,35,0,98,0,98,0,98,0,98,0,98,0,98,0,98,724,150,20,34,69,55,0,98,72,76,256,150,114,88,148,110,45,42,0,98,0,98
1400000US37183053517,37183053517,"Census Tract 535.17, Wake County, North Carolina",1524,115,764,128,490,128,106,60,0,98,0,98,0,98,0,98,0,98,0,98,168,90,0,98,760,129,110,74,99,72,45,60,135,81,268,110,0,98,0,98,0,98,103,60,0,98
1400000US37183053518,37183053518,"Census Tract 535.18, Wake County, North Carolina",1581,39,1361,99,1028,96,285,97,0,98,19,33,0,98,0,98,0,98,0,98,29,33,0,98,220,96,112,67,108,75,0,98,0,98,0,98,0,98,0,98,0,98,0,98,0,98
1400000US37183053519,37183053519,"Census Tract 535.19, Wake County, North Carolina",1874,111,961,162,449,125,468,129,0,98,44,43,0,98,0,98,0,98,0,98,0,98,0,98,913,169,138,118,161,97,0,98,90,117,218,135,214,113,92,74,0,98,0,98,0,98
1400000US37183053520,37183053520,"Census Tract 535.20, Wake County, North Carolina",2177,147,850,142,810,137,40,36,0,98,0,98,0,98,0,98,0,98,0,98,0,98,0,98,1327,187,126,79,31,35,113,79,181,103,354,147,364,168,158,119,0,98,0,98,0,98
1400000US37183053521,37183053521,"Census Tract 535.21, Wake County, North Carolina",1150,92,1082,95,1071,98,11,21,0,98,0,98,0,98,0,98,0,98,0,98,0,98,0,98,68,39,32,26,0,98,16,22,10,16,0,98,0,98,0,98,10,17,0,98,0,98
1400000US37183053522,37183053522,"Census Tract 535.22, Wake County, North Carolina",1933,164,857,173,759,150,48,49,0,98,42,68,8,12,0,98,0,98,0,98,0,98,0,98,1076,176,54,49,16,19,0,98,53,46,80,58,516,142,302,147,55,46,0,98,0,98
1400000US37183053523,37183053523,"Census Tract 535.23, Wake County, North Carolina",2046,132,1152,120,963,118,162,77,0,98,14,23,0,98,0,98,0,98,0,98,13,21,0,98,894,164,16,26,38,42,11,18,24,28,51,64,531,150,165,74,58,51,0,98,0,98
1400000US37183053524,37183053524,"Census Tract 535.24, Wake County, North Carolina",1522,83,954,118,712,117,134,79,0,98,0,98,0,98,59,47,49,58,0,98,0,98,0,98,568,115,103,63,20,27,0,98,38,34,96,81,83,50,111,65,117,58,0,98,0,98
1400000US37183053525,37183053525,"Census Tract 535.25, Wake County, North Carolina",885,58,780,73,697,73,72,51,0,98,11,32,0,98,0,98,0,98,0,98,0,98,0,98,105,74,38,38,45,40,0,98,0,98,22,35,0,98,0,98,0,98,0,98,0,98
1400000US37183053601,37183053601,"Census Tract 536.01, Wake County, North Carolina",1638,157,882,134,699,134,183,81,0,98,0,98,0,98,0,98,0,98,0,98,0,98,0,98,756,174,187,104,10,16,0,98,20,28,59,55,257,129,187,108,36,36,0,98,0,98
1400000US37183053602,37183053602,"Census Tract 536.02, Wake County, North Carolina",1523,89,1276,125,827,145,449,109,0,98,0,98,0,98,0,98,0,98,0,98,0,98,0,98,247,108,100,57,102,75,0,98,0,98,28,32,0,98,0,98,0,98,17,27,0,98
1400000US37183053603,37183053603,"Census Tract 536.03, Wake County, North Carolina",1370,103,1035,70,903,91,132,71,0,98,0,98,0,98,0,98,0,98,0,98,0,98,0,98,335,105,93,122,6,12,0,98,2,12,45,60,34,34,100,95,55,62,0,98,0,98
1400000US37183053604,37183053604,"Census Tract 536.04, Wake County, North Carolina",1290,40,1254,68,935,83,307,78,0,98,12,16,0,98,0,98,0,98,0,98,0,98,0,98,36,51,0,98,0,98,0,98,0,98,36,51,0,98,0,98,0,98,0,98,0,98
1400000US37183053605,37183053605,"Census Tract 536.05, Wake County, North Carolina",631,55,520,102,520,102,0,98,0,98,0,98,0,98,0,98,0,98,0,98,0,98,0,98,111,69,111,69,0,98,0,98,0,98,0,98,0,98,0,98,0,98,0,98,0,98
1400000US37183053606,37183053606,"Census Tract 536.06, Wake County, North Carolina",1181,115,343,92,318,83,25,40,0,98,0,98,0,98,0,98,0,98,0,98,0,98,0,98,838,132,5,15,0,98,0,98,91,58,270,115,282,123,190,107,0,98,0,98,0,98
1400000US37183053607,37183053607,"Census Tract 536.07, Wake County, North Carolina",2472,171,1583,201,939,162,525,145,0,98,0,98,65,43,28,47,0,98,0,98,26,38,0,98,889,197,71,56,78,47,10,18,27,36,218,125,148,68,274,140,63,70,0,98,0,98
1400000US37183053608,37183053608,"Census Tract 536.08, Wake County, North Carolina",851,85,535,89,415,97,120,71,0,98,0,98,0,98,0,98,0,98,0,98,0,98,0,98,316,104,37,51,28,27,0,98,9,18,11,18,89,57,134,116,8,19,0,98,0,98
1400000US37183053609,37183053609,"Census Tract 536.09, Wake County, North Carolina",203,78,75,67,51,62,0,98,0,98,0,98,0,98,0,98,0,98,0,98,24,33,0,98,128,81,60,49,0,98,13,22,0,98,9,16,10,20,36,46,0,98,0,98,0,98
1400000US37183053610,37183053610,"Census Tract 536.10, Wake County, North Carolina",3675,288,1384,193,666,123,571,158,0,98,28,46,60,51,20,18,12,21,0,98,27,32,0,98,2291,274,0,98,119,90,10,18,55,34,283,111,1073,255,471,183,280,88,0,98,0,98
1400000US37183053707,37183053707,"Census Tract 537.07, Wake County, North Carolina",2995,185,1788,182,1085,151,602,148,0,98,14,21,36,41,15,23,0,98,36,33,0,98,0,98,1207,214,210,104,114,70,0,98,81,84,139,97,266,140,111,77,286,96,0,98,0,98
1400000US37183053709,37183053709,"Census Tract 537.09, Wake County, North Carolina",3339,208,1523,174,596,111,854,141,0,98,0,98,73,72,0,98,0,98,0,98,0,98,0,98,1816,222,97,76,44,36,20,31,0,98,375,149,588,184,588,166,104,65,0,98,0,98
1400000US37183053711,37183053711,"Census Tract 537.11, Wake County, North Carolina",2165,119,1456,97,1270,96,186,63,0,98,0,98,0,98,0,98,0,98,0,98,0,98,0,98,709,132,25,23,36,41,0,98,43,31,98,54,252,80,204,124,40,40,11,19,0,98
1400000US37183053712,37183053712,"Census Tract 537.12, Wake County, North Carolina",1175,30,1026,68,909,62,108,57,0,98,9,15,0,98,0,98,0,98,0,98,0,98,0,98,149,64,28,26,29,45,6,10,7,12,37,31,31,28,0,98,0,98,11,16,0,98
1400000US37183053713,37183053713,"Census Tract 537.13, Wake County, North Carolina",1775,208,235,67,170,66,29,35,0,98,0,98,13,21,23,25,0,98,0,98,0,98,0,98,1540,204,0,98,0,98,0,98,65,45,394,149,709,197,283,138,89,62,0,98,0,98
1400000US37183053714,37183053714,"Census Tract 537.14, Wake County, North Carolina",2068,107,1187,107,1029,104,158,60,0,98,0,98,0,98,0,98,0,98,0,98,0,98,0,98,881,125,118,83,46,60,12,19,120,78,195,86,220,120,161,117,9,15,0,98,0,98
1400000US37183053715,37183053715,"Census Tract 537.15, Wake County, North Carolina",1438,98,1006,113,989,114,17,20,0,98,0,98,0,98,0,98,0,98,0,98,0,98,0,98,432,97,105,72,0,98,0,98,12,18,43,35,174,82,98,79,0,98,0,98,0,98
1400000US37183053716,37183053716,"Census Tract 537.16, Wake County, North Carolina",1985,180,813,139,515,95,298,113,0,98,0,98,0,98,0,98,0,98,0,98,0,98,0,98,1172,182,29,40,130,89,0,98,97,59,169,99,511,166,128,95,108,100,0,98,0,98
1400000US37183053717,37183053717,"Census Tract 537.17, Wake County, North Carolina",1246,114,858,128,571,96,263,109,0,98,0,98,24,40,0,98,0,98,0,98,0,98,0,98,388,103,103,52,0,98,5,8,0,98,77,68,121,60,58,49,24,23,0,98,0,98
1400000US37183053718,37183053718,"Census Tract 537.18, Wake County, North Carolina",1151,40,1096,73,961,91,135,78,0,98,0,98,0,98,0,98,0,98,0,98,0,98,0,98,55,59,55,59,0,98,0,98,0,98,0,98,0,98,0,98,0,98,0,98,0,98
1400000US37183053719,37183053719,"Census Tract 537.19, Wake County, North Carolina",1311,74,1220,114,1220,114,0,98,0,98,0,98,0,98,0,98,0,98,0,98,0,98,0,98,91,90,91,90,0,98,0,98,0,98,0,98,0,98,0,98,0,98,0,98,0,98
1400000US37183053720,37183053720,"Census Tract 537.20, Wake County, North Carolina",1458,96,1428,102,1428,102,0,98,0,98,0,98,0,98,0,98,0,98,0,98,0,98,0,98,30,34,13,21,0,98,0,98,0,98,0,98,5,9,0,98,0,98,12,23,0,98
1400000US37183053721,37183053721,"Census Tract 537.21, Wake County, North Carolina",1160,103,1160,103,1160,103,0,98,0,98,0,98,0,98,0,98,0,98,0,98,0,98,0,98,0,98,0,98,0,98,0,98,0,98,0,98,0,98,0,98,0,98,0,98,0,98
1400000US37183053722,37183053722,"Census Tract 537.22, Wake County, North Carolina",2203,186,1290,144,860,133,388,137,0,98,0,98,13,20,0,98,0,98,14,23,15,23,0,98,913,186,138,99,54,40,0,98,59,42,148,85,227,102,14,23,273,94,0,98,0,98
1400000US37183053723,37183053723,"Census Tract 537.23, Wake County, North Carolina",1245,155,831,134,331,85,333,93,0,98,14,21,0,98,85,58,56,35,12,19,0,98,0,98,414,156,81,52,31,33,42,69,0,98,125,69,116,99,0,98,0,98,19,30,0,98
1400000US37183053724,37183053724,"Census Tract 537.24, Wake County, North Carolina",2447,127,2030,168,1090,160,894,186,0,98,0,98,46,69,0,98,0,98,0,98,0,98,0,98,417,126,206,104,60,43,0,98,0,98,30,34,66,51,55,67,0,98,0,98,0,98
1400000US37183053725,37183053725,"Census Tract 537.25, Wake County, North Carolina",2311,127,1333,183,909,149,334,124,0,98,0,98,26,42,0,98,53,51,11,18,0,98,0,98,978,159,64,79,46,55,0,98,5,10,30,49,234,156,348,130,251,107,0,98,0,98
1400000US37183053726,37183053726,"Census Tract 537.26, Wake County, North Carolina",1437,177,684,176,331,99,353,147,0,98,0,98,0,98,0,98,0,98,0,98,0,98,0,98,753,195,92,74,105,84,0,98,205,172,99,93,149,131,61,69,42,51,0,98,0,98
1400000US37183053803,37183053803,"Census Tract 538.03, Wake County, North Carolina",1165,68,1149,70,1129,73,0,98,0,98,0,98,0,98,0,98,0,98,0,98,20,30,0,98,16,25,16,25,0,98,0,98,0,98,0,98,0,98,0,98,0,98,0,98,0,98
1400000US37183053804,37183053804,"Census Tract 538.04, Wake County, North Carolina",1143,111,1101,123,1047,116,0,98,0,98,0,98,0,98,0,98,0,98,0,98,54,79,0,98,42,52,42,52,0,98,0,98,0,98,0,98,0,98,0,98,0,98,0,98,0,98
1400000US37183053805,37183053805,"Census Tract 538.05, Wake County, North Carolina",728,39,728,39,728,39,0,98,0,98,0,98,0,98,0,98,0,98,0,98,0,98,0,98,0,98,0,98,0,98,0,98,0,98,0,98,0,98,0,98,0,98,0,98,0,98
1400000US37183053806,37183053806,"Census Tract 538.06, Wake County, North Carolina",1235,51,1207,62,1194,57,0,98,0,98,0,98,0,98,0,98,0,98,0,98,13,23,0,98,28,33,28,33,0,98,0,98,0,98,0,98,0,98,0,98,0,98,0,98,0,98
1400000US37183053807,37183053807,"Census Tract 538.07, Wake County, North Carolina",1504,88,1173,119,1124,118,36,39,0,98,13,22,0,98,0,98,0,98,0,98,0,98,0,98,331,100,46,39,20,32,17,27,33,38,19,28,178,98,0,98,18,27,0,98,0,98
1400000US37183053808,37183053808,"Census Tract 538.08, Wake County, North Carolina",1846,102,1836,108,1797,109,15,25,0,98,0,98,0,98,0,98,0,98,24,36,0,98,0,98,10,17,10,17,0,98,0,98,0,98,0,98,0,98,0,98,0,98,0,98,0,98
1400000US37183053900,37183053900,"Census Tract 539, Wake County, North Carolina",2440,142,2185,170,2084,180,0,98,0,98,0,98,0,98,0,98,0,98,0,98,101,52,0,98,255,110,199,118,11,16,0,98,0,98,0,98,0,98,0,98,0,98,45,45,0,98
1400000US37183054001,37183054001,"Census Tract 540.01, Wake County, North Carolina",2732,177,1494,151,864,175,468,136,0,98,0,98,89,68,37,44,21,33,0,98,15,24,0,98,1238,196,71,49,61,53,25,30,65,77,254,121,465,185,154,107,143,88,0,98,0,98
1400000US37183054004,37183054004,"Census Tract 540.04, Wake County, North Carolina",2230,141,1180,131,515,96,526,113,0,98,77,50,52,30,10,16,0,98,0,98,0,98,0,98,1050,173,154,102,150,81,50,49,88,69,207,142,163,104,152,95,86,64,0,98,0,98
1400000US37183054006,37183054006,"Census Tract 540.06, Wake County, North Carolina",1207,111,638,80,625,78,13,15,0,98,0,98,0,98,0,98,0,98,0,98,0,98,0,98,569,97,104,70,15,17,5,10,0,98,87,66,358,115,0,98,0,98,0,98,0,98
1400000US37183054007,37183054007,"Census Tract 540.07, Wake County, North Carolina",1719,99,1196,125,559,82,583,109,0,98,21,23,33,29,0,98,0,98,0,98,0,98,0,98,523,111,91,60,109,84,0,98,67,64,180,90,62,53,0,98,14,22,0,98,0,98
1400000US37183054008,37183054008,"Census Tract 540.08, Wake County, North Carolina",2603,122,560,169,376,133,173,80,0,98,0,98,0,98,11,17,0,98,0,98,0,98,0,98,2043,204,0,98,206,119,89,93,280,101,587,175,725,210,135,105,21,35,0,98,0,98
1400000US37183054011,37183054011,"Census Tract 540.11, Wake County, North Carolina",1084,57,1027,59,1004,65,23,30,0,98,0,98,0,98,0,98,0,98,0,98,0,98,0,98,57,51,13,22,12,19,0,98,32,47,0,98,0,98,0,98,0,98,0,98,0,98
1400000US37183054012,37183054012,"Census Tract 540.12, Wake County, North Carolina",1508,77,1262,120,1035,114,166,89,0,98,0,98,49,46,0,98,0,98,0,98,12,18,0,98,246,101,29,35,0,98,0,98,57,56,160,103,0,98,0,98,0,98,0,98,0,98
1400000US37183054013,37183054013,"Census Tract 540.13, Wake County, North Carolina",4527,167,3554,206,2514,226,930,165,0,98,17,26,55,55,38,27,0,98,0,98,0,98,0,98,973,207,119,72,150,102,0,98,122,147,25,32,185,116,326,112,46,62,0,98,0,98
1400000US37183054014,37183054014,"Census Tract 540.14, Wake County, North Carolina",4272,200,3040,258,2275,236,623,165,0,98,11,17,0,98,0,98,0,98,0,98,131,100,0,98,1232,217,324,154,324,147,54,64,44,70,78,77,360,137,18,20,0,98,30,50,0,98
1400000US37183054015,37183054015,"Census Tract 540.15, Wake County, North Carolina",687,99,633,101,600,92,33,38,0,98,0,98,0,98,0,98,0,98,0,98,0,98,0,98,54,38,40,30,0,98,0,98,14,23,0,98,0,98,0,98,0,98,0,98,0,98
1400000US37183054016,37183054016,"Census Tract 540.16, Wake County, North Carolina",2513,124,2078,162,1768,177,294,110,0,98,0,98,0,98,0,98,0,98,0,98,16,26,0,98,435,128,86,74,14,19,10,17,0,98,0,98,147,100,163,91,15,24,0,98,0,98
1400000US37183054017,37183054017,"Census Tract 540.17, Wake County, North Carolina",1052,133,446,106,375,92,71,70,0,98,0,98,0,98,0,98,0,98,0,98,0,98,0,98,606,135,0,98,23,27,0,98,104,69,183,114,237,93,59,65,0,98,0,98,0,98
1400000US37183054018,37183054018,"Census Tract 540.18, Wake County, North Carolina",1199,117,51,63,7,21,36,57,0,98,0,98,8,15,0,98,0,98,0,98,0,98,0,98,1148,137,92,134,15,26,14,26,143,109,301,155,528,209,55,55,0,98,0,98,0,98
1400000US37183054104,37183054104,"Census Tract 541.04, Wake County, North Carolina",3458,166,2835,223,2484,196,144,88,0,98,0,98,0,98,0,98,0,98,0,98,207,132,0,98,623,202,334,163,23,27,0,98,58,68,10,17,112,109,70,39,0,98,16,26,0,98
1400000US37183054105,37183054105,"Census Tract 541.05, Wake County, North Carolina",4695,184,3779,258,2725,244,926,168,12,21,11,17,54,43,34,49,0,98,0,98,17,29,0,98,916,259,301,154,412,186,92,86,10,16,44,56,27,45,30,48,0,98,0,98,0,98
1400000US37183054106,37183054106,"Census Tract 541.06, Wake County, North Carolina",2701,147,1874,219,1486,191,114,66,0,98,0,98,7,11,21,35,0,98,0,98,246,112,0,98,827,202,236,152,4,7,41,50,47,51,33,35,96,63,170,88,49,31,151,128,0,98
1400000US37183054108,37183054108,"Census Tract 541.08, Wake County, North Carolina",2305,137,1691,166,1640,167,17,18,0,98,0,98,0,98,0,98,0,98,0,98,34,31,0,98,614,154,429,131,9,15,0,98,0,98,0,98,65,73,0,98,26,39,85,70,0,98
1400000US37183054109,37183054109,"Census Tract 541.09, Wake County, North Carolina",1117,93,998,100,916,99,8,12,0,98,0,98,0,98,0,98,0,98,0,98,74,58,0,98,119,61,45,35,0,98,0,98,0,98,0,98,0,98,0,98,0,98,74,47,0,98
1400000US37183054110,37183054110,"Census Tract 541.10, Wake County, North Carolina",3010,187,2839,208,2578,230,66,93,0,98,0,98,0,98,0,98,0,98,0,98,195,102,0,98,171,110,171,110,0,98,0,98,0,98,0,98,0,98,0,98,0,98,0,98,0,98
1400000US37183054111,37183054111,"Census Tract 541.11, Wake County, North Carolina",737,75,690,88,614,86,0,98,0,98,0,98,0,98,0,98,0,98,0,98,76,63,0,98,47,42,24,28,0,98,1,11,0,98,0,98,0,98,0,98,0,98,22,30,0,98
1400000US37183054112,37183054112,"Census Tract 541.12, Wake County, North Carolina",973,116,721,151,583,137,0,98,0,98,0,98,0,98,0,98,0,98,0,98,138,106,0,98,252,163,104,96,0,98,0,98,0,98,0,98,10,24,104,121,15,27,19,31,0,98
1400000US37183054113,37183054113,"Census Tract 541.13, Wake County, North Carolina",793,115,467,107,308,71,11,20,0,98,0,98,0,98,0,98,0,98,0,98,148,93,0,98,326,117,0,98,57,72,0,98,100,65,37,42,61,74,0,98,0,98,71,64,0,98
1400000US37183054114,37183054114,"Census Tract 541.14, Wake County, North Carolina",1552,124,1337,109,1211,117,36,31,0,98,0,98,0,98,0,98,0,98,0,98,90,77,0,98,215,101,143,90,14,24,0,98,0,98,13,19,0,98,0,98,0,98,45,49,0,98
1400000US37183054115,37183054115,"Census Tract 541.15, Wake County, North Carolina",2625,190,1846,187,1706,176,37,33,0,98,0,98,0,98,0,98,0,98,0,98,103,90,0,98,779,174,162,114,19,30,0,98,95,85,256,149,100,80,44,31,16,25,87,78,0,98
1400000US37183054203,37183054203,"Census Tract 542.03, Wake County, North Carolina",1114,83,1091,82,1062,87,14,24,0,98,0,98,0,98,0,98,0,98,0,98,15,26,0,98,23,27,23,27,0,98,0,98,0,98,0,98,0,98,0,98,0,98,0,98,0,98
1400000US37183054204,37183054204,"Census Tract 542.04, Wake County, North Carolina",1519,130,1107,150,1018,149,47,36,26,40,0,98,0,98,0,98,0,98,0,98,16,25,0,98,412,133,144,104,41,40,118,65,39,38,23,28,0,98,19,17,28,33,0,98,0,98
1400000US37183054205,37183054205,"Census Tract 542.05, Wake County, North Carolina",1556,141,914,146,770,142,131,76,0,98,0,98,0,98,0,98,0,98,0,98,13,22,0,98,642,178,126,82,0,98,23,29,73,73,106,63,173,92,86,80,55,73,0,98,0,98
1400000US37183054206,37183054206,"Census Tract 542.06, Wake County, North Carolina",1844,120,1229,159,1123,144,106,67,0,98,0,98,0,98,0,98,0,98,0,98,0,98,0,98,615,144,145,117,42,46,38,61,28,32,125,89,228,147,9,16,0,98,0,98,0,98
1400000US37183054207,37183054207,"Census Tract 542.07, Wake County, North Carolina",3022,152,1933,208,1502,183,431,147,0,98,0,98,0,98,0,98,0,98,0,98,0,98,0,98,1089,224,140,109,13,22,11,18,26,31,176,91,381,187,216,152,126,55,0,98,0,98
1400000US37183054208,37183054208,"Census Tract 542.08, Wake County, North Carolina",2050,118,1415,131,1052,129,315,120,0,98,0,98,0,98,0,98,10,15,0,98,38,37,0,98,635,140,159,121,33,36,41,57,0,98,70,53,150,101,32,30,150,92,0,98,0,98
1400000US37183054209,37183054209,"Census Tract 542.09, Wake County, North Carolina",2849,166,2581,226,2373,251,194,115,0,98,0,98,0,98,0,98,0,98,0,98,14,23,0,98,268,142,238,140,16,27,0,98,0,98,0,98,0,98,0,98,0,98,14,26,0,98
1400000US37183054210,37183054210,"Census Tract 542.10, Wake County, North Carolina",2642,157,2362,176,2098,189,90,98,0,98,0,98,0,98,0,98,0,98,0,98,174,104,0,98,280,104,180,97,0,98,0,98,49,49,0,98,0,98,0,98,0,98,51,42,0,98
1400000US37183054211,37183054211,"Census Tract 542.11, Wake County, North Carolina",2816,156,2205,199,1932,183,49,40,4,7,29,45,0,98,0,98,0,98,0,98,191,99,0,98,611,181,228,115,58,62,37,29,0,98,13,22,126,80,17,20,17,21,115,93,0,98
1400000US37183054301,37183054301,"Census Tract 543.01, Wake County, North Carolina",2053,164,1835,180,1418,156,25,28,0,98,0,98,0,98,0,98,0,98,0,98,392,115,0,98,218,116,92,63,0,98,0,98,0,98,20,33,0,98,0,98,0,98,106,85,0,98
1400000US37183054302,37183054302,"Census Tract 543.02, Wake County, North Carolina",2264,261,1440,208,1258,233,0,98,0,98,0,98,10,16,0,98,0,98,0,98,172,115,0,98,824,198,328,160,91,87,80,70,115,94,33,40,0,98,74,69,0,98,103,90,0,98
1400000US37183054402,37183054402,"Census Tract 544.02, Wake County, North Carolina",2322,138,1729,153,1590,146,0,98,0,98,0,98,0,98,0,98,0,98,0,98,139,92,0,98,593,137,292,126,63,71,58,67,0,98,0,98,0,98,18,27,0,98,162,88,0,98
1400000US37183054403,37183054403,"Census Tract 544.03, Wake County, North Carolina",1424,103,960,138,702,126,0,98,0,98,0,98,0,98,0,98,0,98,0,98,258,108,0,98,464,126,157,106,0,98,0,98,0,98,0,98,0,98,0,98,0,98,307,118,0,98
1400000US37183054404,37183054404,"Census Tract 544.04, Wake County, North Carolina",2301,195,1516,240,1397,237,26,30,0,98,0,98,0,98,0,98,0,98,0,98,93,60,0,98,785,193,283,143,53,67,37,46,180,112,0,98,0,98,19,33,107,57,106,113,0,98
1400000US37183054500,37183054500,"Census Tract 545, Wake County, North Carolina",2864,173,1223,176,823,154,172,58,17,20,0,98,67,57,60,41,59,69,17,19,8,12,0,98,1641,214,541,168,15,20,160,102,298,128,184,93,174,101,228,133,41,34,0,98,0,98
1400000US37183980100,37183980100,"Census Tract 9801, Wake County, North Carolina",0,98,0,98,0,98,0,98,0,98,0,98,0,98,0,98,0,98,0,98,0,98,0,98,0,98,0,98,0,98,0,98,0,98,0,98,0,98,0,98,0,98,0,98,0,98
1400000US37183980200,37183980200,"Census Tract 9802, Wake County, North Carolina",46,72,46,72,46,72,0,98,0,98,0,98,0,98,0,98,0,98,0,98,0,98,0,98,0,98,0,98,0,98,0,98,0,98,0,98,0,98,0,98,0,98,0,98,0,98
